slug,season,projected_open,confirmed_open,closing_date,source_url,notes
arapahoe-basin,2026-27,2026-10-09,,,https://www.onthesnow.com/united-states/projected-openings,"OnTheSnow projection. Optimistic: A-Basin opened Oct 26 in 2025 and opens when snowmaking plus natural snow allow."
keystone,2026-27,2026-10-31,,,https://www.onthesnow.com/united-states/projected-openings,"OnTheSnow projection. Opened Oct 25 in 2025, first in Colorado."
winter-park,2026-27,2026-10-30,,,https://www.onthesnow.com/united-states/projected-openings,OnTheSnow projection.
loveland,2026-27,2026-11-06,,,https://www.onthesnow.com/united-states/projected-openings,"OnTheSnow projection. Often earlier when cold; a perennial October race contender."
copper-mountain,2026-27,2026-11-06,,,https://www.onthesnow.com/united-states/projected-openings,OnTheSnow projection.
breckenridge,2026-27,2026-11-07,,,https://www.onthesnow.com/united-states/projected-openings,OnTheSnow projection.
vail,2026-27,2026-11-13,,,https://www.onthesnow.com/united-states/projected-openings,OnTheSnow projection.
wolf-creek,2026-27,2026-11-21,,,https://www.onthesnow.com/united-states/projected-openings,"OnTheSnow projection. Has opened on natural snow as early as Oct 22 (2024) and Oct 16 (2022)."
mammoth,2026-27,,2026-11-13,,https://snowbrains.com/mammoth-mountain-ca-announces-november-13-opening-day-for-2026-27-winter/,Announced by the resort.
killington,2026-27,2026-11-11,,,https://www.onthesnow.com/united-states/projected-openings,"OnTheSnow projection. Usually opens the East's season, sometimes earlier than projected."
sunday-river,2026-27,2026-11-15,,,https://www.onthesnow.com/united-states/projected-openings,OnTheSnow projection.
alta,2026-27,2026-11-20,,,https://www.onthesnow.com/united-states/projected-openings,OnTheSnow projection.
solitude,2026-27,2026-11-20,,,https://www.onthesnow.com/united-states/projected-openings,OnTheSnow projection.
stowe,2026-27,2026-11-20,,,https://www.onthesnow.com/united-states/projected-openings,OnTheSnow projection.
mt-rose,2026-27,2026-11-20,,,https://www.onthesnow.com/united-states/projected-openings,OnTheSnow projection.
ski-portillo,2026,,,2026-10-11,https://www.skimag.com/ski-resort-life/south-america/south-america-extended-ski-season/,Reported closing date for the 2026 Andes season (Ski Magazine).
valle-nevado,2026,,,2026-10-18,https://www.skimag.com/ski-resort-life/south-america/south-america-extended-ski-season/,Reported closing date for the 2026 Andes season (Ski Magazine).
